{"x": {"mean": -0.0, "sigma": 0.0, "error_absolute": 0.0, "rms": 0.0, "rms_relative": 0.0}, "y": {"mean": 0.06, "sigma": 1.64, "error_absolute": 0.06, "rms": 1.64, "rms_relative": 3.42}, "z": {"mean": 0.06, "sigma": 1.14, "error_absolute": 0.06, "rms": 1.14, "rms_relative": 5.09}, "total": {"mean": 0.04, "sigma": 1.15, "error_absolute": 0.04, "rms": 1.15, "rms_relative": 1.15}, "euklidian": {"mean": 0.11553636257959965, "sigma": 1.9900709527143048, "rms": 1.9934219442745547, "rms_relative": 1.8089170657877578, "cells": {"0": {"0": 0.00031600174717378134, "1": 0.00016992429710965305, "2": 0.0003587915424938164, "3": 0.0005144680966034836, "4": 0.00031600174717378134}, "1": {"0": 0.00053337484737348, "1": 0.0002596464686233718, "2": 0.0005932158262211744, "3": 0.0007782874370860568, "4": 0.00053337484737348}, "2": {"0": 0.00048085992637489643, "1": 0.0002394917877417154, "2": 0.0005371988320808169, "3": 0.000946216253332924, "4": 0.00048085992637489643}, "3": {"0": 0.0004168472341056389, "1": 0.00024499251402260744, "2": 0.00048351106348111495, "3": 0.0006644998619383239, "4": 0.0004168472341056389}, "4": {"0": 0.0003540897379254061, "1": 0.00021391769150869792, "2": 0.0004136910939874017, "3": 0.0005245021216792288, "4": 0.0003540897379254061}, "5": {"0": 0.00036145208228873573, "1": 0.00022603490418149095, "2": 0.00042630902605879557, "3": 0.0006257857298653819, "4": 0.00036145208228873573}, "6": {"0": 0.0003681967364908293, "1": 0.00017869951989058923, "2": 0.00040927051588359543, "3": 0.0005248285374736199, "4": 0.0003681967364908293}, "7": {"0": 0.00040835517346334086, "1": 0.0002271382744179025, "2": 0.00046727480501287206, "3": 0.0005568496460781083, "4": 0.00040835517346334086}, "8": {"0": 0.00035408621301753404, "1": 0.00021040564788422572, "2": 0.00041188297234855353, "3": 0.0005529369596369054, "4": 0.00035408621301753404}, "9": {"0": 0.00034753524789474103, "1": 0.00019466275846102807, "2": 0.00039833947590078953, "3": 0.0004915494955983286, "4": 0.00034753524789474103}, "10": {"0": 0.00036618637902575377, "1": 0.00020430016666754042, "2": 0.000419322098492767, "3": 0.00051873366764635, "4": 0.00036618637902575377}, "11": {"0": 0.00029490763814912, "1": 0.00018143928191052068, "2": 0.00034625240513084913, "3": 0.00044245398585332393, "4": 0.00029490763814912}, "12": {"0": 0.00036151351167126454, "1": 0.00020335230443628533, "2": 0.0004147820859685688, "3": 0.00056174553389422, "4": 0.00036151351167126454}, "13": {"0": 0.00040252145385520275, "1": 0.00018017409860538613, "2": 0.0004410059258354354, "3": 0.0007433862126115898, "4": 0.00040252145385520275}, "14": {"0": 5.699472651296846, "1": 15.35246007422174, "2": 16.376263885070166, "3": 23.843218842997985, "4": 5.699472651296846}, "15": {"0": 0.0003360430862321481, "1": 0.0002009160247845828, "2": 0.00039152548425315303, "3": 0.0004504971945701599, "4": 0.0003360430862321481}, "16": {"0": 0.0003739653301410363, "1": 0.00020265721666055437, "2": 0.000425346935585643, "3": 0.0006070234639332458, "4": 0.0003739653301410363}, "17": {"0": 0.0003250417951924359, "1": 0.00019294483960937716, "2": 0.00037799454989961124, "3": 0.0005392726605077577, "4": 0.0003250417951924359}, "18": {"0": 0.0003742069254970916, "1": 0.00020977869167992127, "2": 0.0004289964132401637, "3": 0.0005094063170739731, "4": 0.0003742069254970916}, "19": {"0": 0.0004321958712077756, "1": 0.0002290095445166767, "2": 0.0004891202741338616, "3": 0.000532879968206822, "4": 0.0004321958712077756}, "20": {"0": 0.00038881226693242364, "1": 0.0001841307618065436, "2": 0.0004302082244223003, "3": 0.0006439738091105794, "4": 0.00038881226693242364}, "21": {"0": 0.0003717312743028227, "1": 0.00019143684202948004, "2": 0.00041812941152353833, "3": 0.0005028709084075344, "4": 0.0003717312743028227}, "22": {"0": 0.0004107578895388061, "1": 0.00023504400138064273, "2": 0.00047325228621042874, "3": 0.0005182703015972274, "4": 0.0004107578895388061}, "23": {"0": 0.0003491939817696821, "1": 0.00018811496238803398, "2": 0.0003966404870640622, "3": 0.0004618042304588007, "4": 0.0003491939817696821}, "24": {"0": 0.0003522415733507333, "1": 0.0001993018902935009, "2": 0.0004047164062293036, "3": 0.0005775174743068029, "4": 0.0003522415733507333}, "25": {"0": 0.0003520531646762301, "1": 0.0002069067427043187, "2": 0.0004083525816436819, "3": 0.0004414578571408092, "4": 0.0003520531646762301}, "26": {"0": 0.0003584250669822943, "1": 0.00019900035860781633, "2": 0.0004099630121941511, "3": 0.000572576064657831, "4": 0.0003584250669822943}, "27": {"0": 0.0003707768285537435, "1": 0.00022960965795508224, "2": 0.0004361147230014391, "3": 0.0006077562323674459, "4": 0.0003707768285537435}, "28": {"0": 0.0004014006565648663, "1": 0.00021975767751003083, "2": 0.00045761984650505316, "3": 0.0005564002649931585, "4": 0.0004014006565648663}, "29": {"0": 0.00037502846063939573, "1": 0.00021504259898128838, "2": 0.0004323073740594555, "3": 0.0004703396408922842, "4": 0.00037502846063939573}, "30": {"0": 0.00033715976041413147, "1": 0.0001989968651174196, "2": 0.0003915053720820125, "3": 0.0004709997382272348, "4": 0.00033715976041413147}, "31": {"0": 0.000374284834996769, "1": 0.0002327784378285755, "2": 0.0004407663086335781, "3": 0.0005131210452459017, "4": 0.000374284834996769}, "32": {"0": 0.0003547937300307198, "1": 0.00019251341381674943, "2": 0.00040365827796353965, "3": 0.0005738728780788376, "4": 0.0003547937300307198}, "33": {"0": 0.0003845361387036772, "1": 0.00018453109214094221, "2": 0.0004265205340143222, "3": 0.0006020222852963952, "4": 0.0003845361387036772}, "34": {"0": 0.00031149047726099704, "1": 0.00018247286755393297, "2": 0.00036100230583424104, "3": 0.00048222220766430896, "4": 0.00031149047726099704}, "35": {"0": 0.0003330490243199475, "1": 0.00019330781800964785, "2": 0.0003850838416554506, "3": 0.0005219290503487609, "4": 0.0003330490243199475}, "36": {"0": 0.00041353663877917175, "1": 0.0002457387659501034, "2": 0.00048104063518943476, "3": 0.0005980996807714615, "4": 0.00041353663877917175}, "37": {"0": 0.00046210217108240984, "1": 0.00023427089109382502, "2": 0.0005180938784940154, "3": 0.0006607056087832189, "4": 0.00046210217108240984}, "38": {"0": 0.0003927196359621935, "1": 0.00024379524071176646, "2": 0.00046223893373880347, "3": 0.0005478469133503961, "4": 0.0003927196359621935}, "39": {"0": 0.00037079794451952284, "1": 0.00021073151112731742, "2": 0.00042649605559946964, "3": 0.00045504764660947916, "4": 0.00037079794451952284}, "40": {"0": 0.00038157649364122496, "1": 0.0002091961819592865, "2": 0.0004351593536233304, "3": 0.00046523758587273007, "4": 0.00038157649364122496}, "41": {"0": 0.000323024543312069, "1": 0.0001651400115781732, "2": 0.00036278930387486605, "3": 0.0005249557797899524, "4": 0.000323024543312069}, "42": {"0": 0.00039972145307338406, "1": 0.00023150593199574362, "2": 0.00046192232744944833, "3": 0.0004961203202369378, "4": 0.00039972145307338406}, "43": {"0": 0.00036151256732774894, "1": 0.00022338081077961393, "2": 0.00042495920152463794, "3": 0.0005556579564821604, "4": 0.00036151256732774894}, "44": {"0": 0.00040125168060707074, "1": 0.0002500034028592434, "2": 0.0004727627445465641, "3": 0.000615341717275946, "4": 0.00040125168060707074}, "45": {"0": 0.0005067947497786141, "1": 0.0002464381149095145, "2": 0.0005635358576730705, "3": 0.0007549754858372184, "4": 0.0005067947497786141}, "46": {"0": 0.0003884539091151054, "1": 0.0002265948703830216, "2": 0.00044971288039226187, "3": 0.0006137373602452875, "4": 0.0003884539091151054}, "47": {"0": 0.00035079588311260875, "1": 0.00021046124390175337, "2": 0.0004090864050459614, "3": 0.0005762344653230242, "4": 0.00035079588311260875}, "48": {"0": 0.0003752543258129686, "1": 0.00019905392675457652, "2": 0.00042478026648817146, "3": 0.0006282597418929342, "4": 0.0003752543258129686}, "49": {"0": 0.00036595515650049946, "1": 0.00019027527879800397, "2": 0.00041246558437154875, "3": 0.0005471717615435669, "4": 0.00036595515650049946},